aa	codon	count	freq_within_aa	freq_global
K	AAA	126133	0.58519532	0.04296771
N	AAC	72713	0.40235170	0.02476997
K	AAG	89407	0.41480468	0.03045685
N	AAT	108007	0.59764830	0.03679302
T	ACA	53500	0.30830937	0.01822499
T	ACC	36611	0.21098158	0.01247168
T	ACG	23950	0.13801887	0.00815866
T	ACT	59466	0.34269019	0.02025733
R	AGA	61874	0.47452662	0.02107762
S	AGC	29257	0.11089926	0.00996651
R	AGG	27746	0.21279076	0.00945179
S	AGT	42942	0.16277254	0.01462836
I	ATA	53988	0.28008176	0.01839123
I	ATC	49845	0.25858849	0.01697990
M	ATG	60907	1.00000000	0.02074821
I	ATT	88925	0.46132975	0.03029266
Q	CAA	79522	0.68578870	0.02708949
H	CAC	22766	0.35733233	0.00775533
Q	CAG	36435	0.31421130	0.01241173
H	CAT	40945	0.64266767	0.01394808
P	CCA	52297	0.40691721	0.01781518
P	CCC	20313	0.15805322	0.00691970
P	CCG	15959	0.12417523	0.00543650
P	CCT	39951	0.31085434	0.01360947
R	CGA	9149	0.07016589	0.00311664
R	CGC	7785	0.05970504	0.00265199
R	CGG	5405	0.04145225	0.00184123
R	CGT	18432	0.14135945	0.00627893
L	CTA	39692	0.14216027	0.01352124
L	CTC	16280	0.05830820	0.00554585
L	CTG	31268	0.11198900	0.01065157
L	CTT	36222	0.12973217	0.01233917
E	GAA	134282	0.70091502	0.04574370
D	GAC	59707	0.34834076	0.02033943
E	GAG	57299	0.29908498	0.01951913
D	GAT	111697	0.65165924	0.03805003
A	GCA	47878	0.29683683	0.01630983
A	GCC	35630	0.22090096	0.01213750
A	GCG	18168	0.11263903	0.00618900
A	GCT	59618	0.36962317	0.02030911
G	GGA	32954	0.22574789	0.01122591
G	GGC	28741	0.19688718	0.00979074
G	GGG	17823	0.12209458	0.00607148
G	GGT	66459	0.45527035	0.02263952
V	GTA	35673	0.21859393	0.01215215
V	GTC	32939	0.20184077	0.01122080
V	GTG	31501	0.19302911	0.01073094
V	GTT	63080	0.38653619	0.02148845
Y	TAC	42854	0.43163047	0.01459839
Y	TAT	56430	0.56836953	0.01922310
S	TCA	56127	0.21275055	0.01911989
S	TCC	41277	0.15646132	0.01406117
S	TCG	25575	0.09694257	0.00871223
S	TCT	68638	0.26017376	0.02338181
C	TGC	14076	0.37810250	0.00479505
W	TGG	30416	1.00000000	0.01036133
C	TGT	23152	0.62189750	0.00788682
L	TTA	78075	0.27963224	0.02659656
F	TTC	52682	0.40493467	0.01794633
L	TTG	77669	0.27817812	0.02645825
F	TTT	77418	0.59506533	0.02637275
