aa	codon	count	freq_within_aa	freq_global	mu	w_tai	mu_class	tai_class	mode
A	GCA	47878	0.29683683	0.01630983	0.0002403524	0.5	low_mu	high_tai	safe_sprinter
A	GCC	35630	0.22090096	0.0121375	0.0003179319	0.5	high_mu	high_tai	risky_sprinter
A	GCG	18168	0.11263903	0.006189	0.0002133139	0.5	low_mu	high_tai	safe_sprinter
A	GCT	59618	0.36962317	0.02030911	0.0002627794	0.295	high_mu	low_tai	risky_careful
C	TGC	14076	0.3781025	0.00479505	0.005808007	0.167	low_mu	high_tai	safe_sprinter
C	TGT	23152	0.6218975	0.00788682	0.00946587	0.098	high_mu	low_tai	risky_careful
D	GAC	59707	0.34834076	0.02033943	6.695742e-05	0.5	high_mu	high_tai	risky_sprinter
D	GAT	111697	0.65165924	0.03805003	3.315149e-05	0.295	low_mu	low_tai	safe_careful
E	GAA	134282	0.70091502	0.0457437	0.0003089001	0.795	high_mu	high_tai	risky_sprinter
E	GAG	57299	0.29908498	0.01951913	0.0001179011	0.295	low_mu	low_tai	safe_careful
F	TTC	52682	0.40493467	0.01794633	0.0004784896	0.5	high_mu	high_tai	risky_sprinter
F	TTT	77418	0.59506533	0.02637275	0.0002627471	0.295	low_mu	low_tai	safe_careful
G	GGA	32954	0.22574789	0.01122591	0.00041212	0.098	high_mu	low_tai	risky_careful
G	GGC	28741	0.19688718	0.00979074	0.0002349188	0.5	low_mu	high_tai	safe_sprinter
G	GGG	17823	0.12209458	0.00607148	0.0005665506	0.167	high_mu	low_tai	risky_careful
G	GGT	66459	0.45527035	0.02263952	0.0002665382	0.5	low_mu	high_tai	safe_sprinter
H	CAC	22766	0.35733233	0.00775533	0.001948674	0.295	high_mu	high_tai	risky_sprinter
H	CAT	40945	0.64266767	0.01394808	0.001779026	0.167	low_mu	low_tai	safe_careful
I	ATA	53988	0.28008176	0.01839123	0.0008258727	0.038	high_mu	low_tai	risky_careful
I	ATC	49845	0.25858849	0.0169799	0.000242373	0.795	low_mu	high_tai	safe_sprinter
I	ATT	88925	0.46132975	0.03029266	0.0002096603	0.5	low_mu	high_tai	safe_sprinter
K	AAA	126133	0.58519532	0.04296771	0.0001470805	0.795	low_mu	high_tai	safe_sprinter
K	AAG	89407	0.41480468	0.03045685	0.0003919346	0.167	high_mu	low_tai	risky_careful
L	CTA	39692	0.14216027	0.01352124	0.0004694291	0.038	high_mu	low_tai	risky_careful
L	CTC	16280	0.0583082	0.00554585	0.0001903949	0.098	low_mu	high_tai	safe_sprinter
L	CTG	31268	0.111989	0.01065157	0.0007560202	1	high_mu	high_tai	risky_sprinter
L	CTT	36222	0.12973217	0.01233917	0.0001760656	0.098	low_mu	high_tai	safe_sprinter
L	TTA	78075	0.27963224	0.02659656	0.0003579307	0.098	high_mu	high_tai	risky_sprinter
L	TTG	77669	0.27817812	0.02645825	0.0003218169	0.167	low_mu	high_tai	safe_sprinter
M	ATG	60907	1	0.02074821	0.001376728	0.5	low_mu	high_tai	safe_sprinter
N	AAC	72713	0.4023517	0.02476997	0.0004338979	0.5	high_mu	high_tai	risky_sprinter
N	AAT	108007	0.5976483	0.03679302	0.0002754379	0.295	low_mu	low_tai	safe_careful
P	CCA	52297	0.40691721	0.01781518	0.0002472885	0.167	high_mu	high_tai	risky_sprinter
P	CCC	20313	0.15805322	0.0069197	0.02033071	0.098	high_mu	low_tai	risky_careful
P	CCG	15959	0.12417523	0.0054365	0.0001745707	0.5	low_mu	high_tai	safe_sprinter
P	CCT	39951	0.31085434	0.01360947	0.0001636193	0.098	low_mu	low_tai	safe_careful
Q	CAA	79522	0.6857887	0.02708949	0.0004527521	0.295	high_mu	low_tai	risky_careful
Q	CAG	36435	0.3142113	0.01241173	0.0001150464	0.5	low_mu	high_tai	safe_sprinter
R	AGA	61874	0.47452662	0.02107762	0.0005365252	0.038	low_mu	low_tai	safe_careful
R	AGG	27746	0.21279076	0.00945179	0.006276316	0.038	high_mu	low_tai	risky_careful
R	CGA	9149	0.07016589	0.00311664	0.001031396	0.038	low_mu	low_tai	safe_careful
R	CGC	7785	0.05970504	0.00265199	0.001051716	0.5	high_mu	high_tai	risky_sprinter
R	CGG	5405	0.04145225	0.00184123	0.001164647	0.098	high_mu	high_tai	risky_sprinter
R	CGT	18432	0.14135945	0.00627893	0.0001750105	0.795	low_mu	high_tai	safe_sprinter
S	AGC	29257	0.11089926	0.00996651	0.0006551624	0.167	high_mu	high_tai	risky_sprinter
S	AGT	42942	0.16277254	0.01462836	0.0007994849	0.098	high_mu	low_tai	risky_careful
S	TCA	56127	0.21275055	0.01911989	0.0001011552	0.098	low_mu	low_tai	safe_careful
S	TCC	41277	0.15646132	0.01406117	0.0001333764	0.295	low_mu	high_tai	safe_sprinter
S	TCG	25575	0.09694257	0.00871223	0.0001693866	0.167	low_mu	high_tai	safe_sprinter
S	TCT	68638	0.26017376	0.02338181	0.0002158333	0.167	high_mu	high_tai	risky_sprinter
T	ACA	53500	0.30830937	0.01822499	0.0002705712	0.098	high_mu	low_tai	risky_careful
T	ACC	36611	0.21098158	0.01247168	0.0001836808	0.5	low_mu	high_tai	safe_sprinter
T	ACG	23950	0.13801887	0.00815866	0.0001853825	0.167	low_mu	low_tai	safe_careful
T	ACT	59466	0.34269019	0.02025733	0.0002614404	0.295	high_mu	high_tai	risky_sprinter
V	GTA	35673	0.21859393	0.01215215	0.001330374	0.295	high_mu	high_tai	risky_sprinter
V	GTC	32939	0.20184077	0.0112208	0.0003380108	0.295	low_mu	high_tai	safe_sprinter
V	GTG	31501	0.19302911	0.01073094	0.0004575475	0.295	low_mu	high_tai	safe_sprinter
V	GTT	63080	0.38653619	0.02148845	0.001059536	0.5	high_mu	high_tai	risky_sprinter
W	TGG	30416	1	0.01036133	0.001169977	0.5	low_mu	high_tai	safe_sprinter
Y	TAC	42854	0.43163047	0.01459839	0.001045043	0.5	high_mu	high_tai	risky_sprinter
Y	TAT	56430	0.56836953	0.0192231	0.0002977838	0.295	low_mu	low_tai	safe_careful
